"Exercise","Probability"
"2.20a",0.0843
"2.20b",0.1752
"2.20c",0.497109826589595
"2.21a",0.0693
"2.21b",0.1332
"2.21c",0.487099296325254
